{
  "images" : [
    {
      "idiom" : "universal",
      "scale" : "1x"
    },
    {
      "resizing" : {
        "mode" : "9-part",
        "center" : {
          "mode" : "tile",
          "width" : 5,
          "height" : 11
        },
        "cap-insets" : {
          "bottom" : 11,
          "top" : 24,
          "right" : 320,
          "left" : 315
        }
      },
      "idiom" : "universal",
      "filename" : "cell_bg_middle_noseg_h@2x.png",
      "scale" : "2x"
    },
    {
      "idiom" : "universal",
      "scale" : "3x"
    }
  ],
  "info" : {
    "version" : 1,
    "author" : "xcode"
  }
}