{
  "images" : [
    {
      "idiom" : "universal",
      "scale" : "1x"
    },
    {
      "resizing" : {
        "mode" : "9-part",
        "center" : {
          "mode" : "tile",
          "width" : 40,
          "height" : 38
        },
        "cap-insets" : {
          "bottom" : 4,
          "top" : 4,
          "right" : 4,
          "left" : 7
        }
      },
      "idiom" : "universal",
      "filename" : "btn_bg@2x.png",
      "scale" : "2x"
    },
    {
      "resizing" : {
        "mode" : "9-part",
        "center" : {
          "mode" : "tile",
          "width" : 61,
          "height" : 36
        },
        "cap-insets" : {
          "bottom" : 6,
          "top" : 41,
          "right" : 6,
          "left" : 6
        }
      },
      "idiom" : "universal",
      "filename" : "btn_bg@3x.png",
      "scale" : "3x"
    }
  ],
  "info" : {
    "version" : 1,
    "author" : "xcode"
  }
}